"sex","Order","edu","ethnic","politicalid_6","country_mig","major","age","Mn_RT_all_3467","PCT_error_3467","D_biep.Male_Career_all","assocareer","assofamily","impcareer","impfamily","havechildren","numboys","numgirls","planchildren"
"m",2,12,5,6,FALSE,6,57,846.633333333333,2.5,0.842260299346284,4,2,3,4,"yes",NA,NA,"."
"f",2,7,6,6,FALSE,10,25,1135.1,7.5,0.649507332654055,3,2,1,1,"no",NA,NA,"2"
"f",1,8,5,6,FALSE,8,51,1011.75833333333,6.66666666666667,0.744175601001788,4,2,3,4,"yes",NA,NA,"."
"m",1,7,5,4,FALSE,1,44,1185.89166666667,10,0.871546594327689,4,3,2,5," ",NA,NA,"."
"f",2,7,5,6,FALSE,12,27,772.475,3.33333333333333,0.225987207494047,3,2,3,4,"no",NA,NA,"3"
"f",1,5,6,6,FALSE,12,25,895.575,5,0.000463314543247051,3,3,3,4,"no",NA,NA,"3"
"f",2,7,5,5,FALSE,9,20,742.225,6.66666666666667,0.722381765965999,4,1,5,5,"no",NA,NA,"3"
"f",1,7,5,4,FALSE,11,22,986.725,3.33333333333333,-0.0200950509498394,3,2,5,5,"no",NA,NA,"3"
"m",2,9,3,5,TRUE,1,46,1592.425,4.16666666666667,0.58143315701081,4,3,3,2,"no",NA,NA,"1"
"f",1,9,5,6,FALSE,11,51,840.291666666667,5.83333333333333,0.167203998829475,3,3,5,5,"no",NA,NA,"2"
"f",1,9,5,6,FALSE,11,23,1332.29166666667,7.5,0.39143836663221,4,2,4,2,"no",NA,NA,"2"
"f",1,5,5,2,FALSE,13,21,838.491666666667,8.33333333333333,0.67732242114086,3,2,2,5,"yes",NA,NA,"."
"f",2,5,5,5,FALSE,11,19,757.283333333333,10,-0.16474997864184,2,2,5,4,"no",NA,NA,"1"
"f",2,9,5,4,FALSE,8,23,855.491666666667,6.66666666666667,0.66818969634782,3,3,4,4,"no",NA,NA,"1"
"m",2,5,2,3,TRUE,9,20,568.491666666667,1.66666666666667,0.587285918196129,3,3,3,4,"no",NA,NA,"3"
"f",2,7,5,6,FALSE,1,23,754.333333333333,9.16666666666667,-0.228727360533118,3,3,3,3,"no",NA,NA,"1"
"m",2,7,5,4,FALSE,10,46,866.125,0.833333333333333,0.193839427666357,5,1,3,3,"yes",NA,NA,"2"
"f",2,7,6,5,FALSE,8,38,1786.275,5.83333333333333,0.202764067962137,5,2,5,2,"no",NA,NA,"1"
"m",2,7,5,5,FALSE,4,25,722.383333333333,5.83333333333333,0.695176381914679,4,2,4,3,"no",NA,NA,"3"
"f",2,5,5,6,FALSE,8,35,632.125,7.5,-0.0597822666647451,3,2,2,5,"yes",NA,NA,"."
"f",1,5,5,4,FALSE,9,19,711.733333333333,8.33333333333333,0.284698932164355,3,2,4,4,"no",NA,NA,"3"
"f",1,8,5,5,FALSE,8,50,653.233333333333,4.16666666666667,0.0461698325890474,2,4,3,5,"yes",NA,NA,"."
"f",1,NA,5,4,FALSE,8,32,839.125,5.83333333333333,0.704131320944912,3,3,3,4,"no",NA,NA,"2"
"m",2,5,5,5,FALSE,1,33,646.983333333333,7.5,0.739209524642861,2,3,3,3,"no",NA,NA,"2"
"f",1,8,5,5,FALSE,11,22,913.15,2.5,0.562480510388012,3,3,3,4,"no",NA,NA,"1"
"m",2,NA,NA,NA,FALSE,9,43,839.958333333333,8.33333333333333,0.00477611783438701,3,3,3,4,"no",NA,NA,"2"
"f",1,4,5,4,FALSE,NA,27,655.508333333333,3.33333333333333,0.325754697941996,3,2,1,2,"no",NA,NA,"2"
"f",2,4,5,3,FALSE,NA,40,706.525,6.66666666666667,0.822849943928461,2,3,4,4,"no",NA,NA,"2"
"f",2,7,5,5,FALSE,5,32,806.275,6.66666666666667,0.318783103708655,3,2,3,4,"no",NA,NA,"3"
"f",1,9,5,4,FALSE,7,50,777.433333333333,7.5,0.119417276424111,4,2,4,5,"yes",NA,NA,"."
"f",2,7,5,5,TRUE,3,41,1025.03333333333,3.33333333333333,0.0676617079055016,3,3,3,5,"yes",NA,NA,"."
"f",1,5,5,4,FALSE,12,18,859.525,10,0.460339601485897,2,1,5,3,"no",NA,NA,"1"
"m",1,6,5,2,FALSE,6,25,621.983333333333,1.66666666666667,-0.0615890468788668,4,2,5,3,"no",NA,NA,"3"
"f",2,5,5,2,FALSE,1,32,705.7,5,0.206600345167426,4,2,3,4,"yes",NA,NA,"."
"f",1,7,NA,NA,FALSE,13,25,704.375,5,0.722009048016847,3,2,4,5,"no",NA,NA,"3"
"f",2,9,5,3,FALSE,2,24,1008.58333333333,0.833333333333333,0.519593950719498,4,2,3,4,"no",NA,NA,"3"
"f",2,7,5,5,FALSE,8,47,894.616666666667,0,-0.0586398935643715,3,3,5,5,"yes",NA,NA,"."
"f",1,9,5,6,FALSE,8,27,741.283333333333,0.833333333333333,-0.203008770043876,4,2,5,5,"no",NA,NA,"3"
"f",1,13,5,4,FALSE,10,27,695.816666666667,9.16666666666667,0.163484385988298,4,2,3,4,"no",NA,NA,"3"
"m",2,9,5,4,FALSE,6,34,831.666666666667,5.83333333333333,0.597435847705942,5,2,1,5,"no",NA,NA,"1"
"f",1,3,5,3,FALSE,NA,37,1095.85,0.833333333333333,0.442690638163047,5,1,3,5,"yes",NA,NA,"."
"f",1,9,5,5,FALSE,6,29,701.416666666667,3.33333333333333,0.0475516563438202,3,2,3,4,"no",NA,NA,"3"
"f",1,7,5,3,FALSE,10,20,650.683333333333,6.66666666666667,-0.00513695890937967,3,2,5,5,"no",NA,NA,"3"
"f",2,5,5,3,FALSE,13,18,845.833333333333,0,0.184823249109096,3,3,3,3,"no",NA,NA,"1"
"f",2,7,5,NA,FALSE,10,19,858.183333333333,5,0.699018552046914,3,2,2,3,"no",NA,NA,"1"
"f",1,12,5,5,FALSE,10,45,841.875,0.833333333333333,0.492716643080054,3,3,5,2,"no",NA,NA,"2"
"f",1,5,5,3,TRUE,5,20,629.775,7.5,0.0344411456423065,4,2,4,5,"no",NA,NA,"3"
"f",1,7,5,4,FALSE,8,55,949.25,6.66666666666667,0.819594376950945,5,4,3,4,"yes",NA,NA,"."
"f",1,7,2,4,TRUE,10,20,650.608333333333,6.66666666666667,0.819354659453114,3,2,4,5,"no",NA,NA,"3"
"f",2,7,5,2,FALSE,9,28,937.825,8.33333333333333,0.91432700173658,4,3,3,5,"no",NA,NA,"3"
"f",1,7,5,4,FALSE,8,25,644.425,5,0.0525711494743492,4,2,2,4,"no",NA,NA,"3"
"f",2,12,4,5,TRUE,2,31,714.708333333333,1.66666666666667,0.193528630470289,3,2,5,5,"no",NA,NA,"3"
"f",1,7,5,3,FALSE,1,19,875.308333333333,6.66666666666667,0.454170624095383,3,2,4,5,"no",NA,NA,"3"
"f",1,5,5,3,FALSE,13,26,781.291666666667,1.66666666666667,0.573345721399533,3,1,4,4,"no",NA,NA,"3"
"f",2,7,5,4,FALSE,8,28,1197.31666666667,3.33333333333333,0.61754250515765,3,2,3,5,"no",NA,NA,"3"
"m",2,7,5,6,TRUE,12,33,1000.3,2.5,0.221527315792828,5,1,3,3,"no",NA,NA,"1"
"m",1,7,5,1,FALSE,2,22,950.791666666667,6.66666666666667,0.421444028846784,4,1,3,4,"no",NA,NA,"1"
"f",2,5,8,3,FALSE,11,37,810.025,1.66666666666667,0.446452818082236,5,5,5,2,"no",NA,NA,"1"
"m",2,5,5,3,FALSE,7,34,842.95,1.66666666666667,0.586258007729606,3,3,4,4,"no",NA,NA,"3"
"f",2,5,5,4,FALSE,4,23,693.116666666667,4.16666666666667,0.496942140597765,3,2,3,3,"no",NA,NA,"3"
"f",2,3,5,2,FALSE,NA,37,966.508333333333,2.5,0.455944927204104,3,3,3,5,"yes",NA,NA,"."
"f",1,4,5,3,FALSE,NA,20,760.325,9.16666666666667,-0.137583262557426,3,3,3,3,"no",NA,NA,"3"
"f",2,7,5,4,FALSE,10,24,743.491666666667,1.66666666666667,0.548083961408762,4,2,4,5,"no",NA,NA,"3"
"f",1,5,5,6,TRUE,NA,32,746.325,4.16666666666667,0.11092132261713,3,2,2,5,"yes",NA,NA,"."
"f",1,4,5,2,FALSE,6,20,809.266666666667,8.33333333333333,0.620730373591059,4,2,5,2,"no",NA,NA,"1"
"f",1,7,5,5,FALSE,10,19,711.166666666667,4.16666666666667,-0.378686888999429,4,2,3,3,"no",NA,NA,"3"
"f",1,7,5,3,FALSE,11,22,971.8,3.33333333333333,0.37804578964807,3,2,3,3,"no",NA,NA,"3"
"f",1,7,5,4,FALSE,10,22,827.708333333333,10,0.398086967375498,3,2,5,5,"no",NA,NA,"3"
"f",1,9,5,5,FALSE,6,24,874.416666666667,7.5,0.449015318219335,3,1,1,5,"no",NA,NA,"1"
"f",1,9,6,5,TRUE,13,34,745.6,9.16666666666667,-0.111963966299528,4,2,4,5,"no",NA,NA,"1"
"f",1,7,5,6,FALSE,1,18,785.141666666667,6.66666666666667,-0.797784860258868,3,3,4,4,"no",NA,NA,"1"
"m",2,9,5,NA,TRUE,11,27,937.783333333333,0.833333333333333,1.02610884540869,4,3,3,5,"no",NA,NA,"3"
"f",2,5,3,5,TRUE,11,21,753.425,4.16666666666667,0.372006185192935,3,2,3,5,"no",NA,NA,"3"
"f",1,7,5,4,FALSE,6,34,813.866666666667,0.833333333333333,0.265565785460937,3,2,5,3,"no",NA,NA,"1"
"f",1,7,5,4,FALSE,13,22,1316.825,7.5,0.806976025152198,4,2,3,5,"no",NA,NA,"1"
"m",2,7,5,6,FALSE,8,29,619.825,7.5,0.306934055120549,3,2,2,4,"no",NA,NA,"3"
"f",2,7,5,6,TRUE,12,22,550.433333333333,5,-0.0297550389379344,3,2,3,3,"no",NA,NA,"2"
"m",1,4,5,2,FALSE,2,23,888.116666666667,0,0.60961125777214,3,3,4,5,"no",NA,NA,"3"
"m",2,14,5,3,TRUE,2,35,692.008333333333,6.66666666666667,0.438008260774616,3,2,3,4,"no",NA,NA,"3"
"f",1,4,5,NA,FALSE,NA,26,692.933333333333,5.83333333333333,-0.0235287490117132,4,2,3,4,"no",NA,NA,"1"
"f",1,9,2,5,TRUE,2,23,982.083333333333,5,0.373771129547998,2,2,4,4,"no",NA,NA,"3"
"f",2,7,6,3,TRUE,NA,19,684.7,5.83333333333333,0.258431384706279,2,1,4,4,"no",NA,NA,"1"
"m",1,7,4,6,TRUE,12,28,714.966666666667,9.16666666666667,0.403646404685804,3,3,4,4,"no",NA,NA,"1"
"m",2,3,5,6,FALSE,NA,36,801.308333333333,3.33333333333333,0.555039007844047,3,2,1,3,"no",NA,NA,"2"
"f",1,7,5,3,TRUE,2,30,755.408333333333,8.33333333333333,0.96524122025667,3,2,5,4,"no",NA,NA,"3"
"f",2,7,5,5,FALSE,8,26,844.808333333333,8.33333333333333,0.863141148631946,3,2,4,4,"no",NA,NA,"3"
"f",2,7,5,5,FALSE,5,45,839,4.16666666666667,0.356724559315143,3,3,5,5,"yes",NA,NA,"."
"f",1,1,5,NA,TRUE,NA,34,1100.775,0.833333333333333,0.892089025313659,3,3,3,3,"no",NA,NA,"2"
"m",2,9,2,4,FALSE,6,20,895.058333333333,4.16666666666667,0.64004171421887,3,2,5,5,"no",NA,NA,"3"
"m",2,9,5,5,FALSE,4,24,873.266666666667,3.33333333333333,0.417395860304816,3,2,3,4,"no",NA,NA,"3"
"f",1,7,5,2,FALSE,2,49,689.366666666667,0.833333333333333,0.54568959016081,3,3,5,5,"no",NA,NA,"2"
"f",1,13,5,3,FALSE,2,35,700.375,5.83333333333333,0.0955962530640917,3,3,3,5,"yes",NA,NA,"."
"f",1,5,6,4,TRUE,4,28,1092.46666666667,5,0.505378787367852,3,3,2,3," ",NA,NA,"1"
"m",1,5,5,NA,FALSE,13,21,797.008333333333,2.5,0.386266456270021,5,1,4,4,"no",NA,NA,"1"
"f",2,5,5,3,TRUE,6,20,685.15,5.83333333333333,0.760214697889148,3,2,4,4,"no",NA,NA,"3"
"m",1,11,5,4,FALSE,7,42,831.791666666667,4.16666666666667,0.857471344240306,4,3,4,5,"yes",NA,NA,"."
"m",2,8,5,2,FALSE,2,47,1031.53333333333,5,1.09851612944311,4,2,1,1,"no",NA,NA,"2"
"m",2,9,5,2,FALSE,1,22,786.916666666667,4.16666666666667,0.981336493686463,5,2,5,4,"no",NA,NA,"3"
"f",2,9,5,6,FALSE,8,44,1210.58333333333,5,0.413980163525331,3,2,4,5,"yes",NA,NA,"."
"f",1,7,8,5,FALSE,8,24,825.041666666667,5,0.740991261006444,3,2,5,5,"no",NA,NA,"3"
"f",2,12,5,5,FALSE,6,32,590.466666666667,3.33333333333333,0.192966117496334,4,2,3,3,"no",NA,NA,"1"
"m",1,8,5,3,TRUE,4,26,882.333333333333,10,0.315759758565738,4,2,5,5,"no",NA,NA,"3"
"m",2,NA,5,3,FALSE,NA,25,920.666666666667,0,0.913835067568504,3,2,4,3,"no",NA,NA,"3"
"m",1,9,5,6,FALSE,12,49,946.058333333333,6.66666666666667,0.332548990659525,4,2,4,5,"yes",NA,NA,"."
"f",2,13,5,5,TRUE,13,32,835.191666666667,0,0.437102740129413,3,2,4,3,"no",NA,NA,"1"
"m",2,12,5,4,TRUE,1,40,1307.05833333333,3.33333333333333,-0.00850266347454605,4,2,4,3,"no",NA,NA,"1"
"f",1,9,5,3,FALSE,2,29,718.95,10,0.454109061479742,4,2,5,4,"no",NA,NA,"1"
"f",2,5,5,4,FALSE,7,37,738.716666666667,1.66666666666667,0.815482557694833,3,2,3,4,"yes",NA,NA,"."
"m",1,9,6,6,TRUE,8,33,759.05,2.5,-0.0389247727354781,3,3,3,3,"no",NA,NA,"1"
"f",2,12,5,5,TRUE,6,27,710.1,6.66666666666667,0.0920183130928126,3,2,4,4,"no",NA,NA,"3"
"m",2,7,5,3,FALSE,6,40,912.066666666667,0.833333333333333,1.03255349933411,5,4,5,4,"no",NA,NA,"1"
"f",1,4,NA,5,FALSE,NA,19,675.833333333333,4.16666666666667,0.488187451777216,3,2,4,5,"no",NA,NA,"1"
"f",2,9,5,4,FALSE,11,40,755,6.66666666666667,0.145481475619086,5,2,5,5,"yes",NA,NA,"."
"m",1,5,5,4,FALSE,6,20,819.308333333333,10,0.276644614120249,4,3,3,4,"no",NA,NA,"1"
"m",1,4,5,3,FALSE,13,44,915.283333333333,8.33333333333333,0.47649357963226,3,2,2,5,"yes",NA,NA,"1"
"m",2,7,5,5,FALSE,6,29,696.533333333333,8.33333333333333,0.200440184540023,4,2,3,4,"yes",NA,NA,"."
"f",1,8,5,5,FALSE,9,30,552.25,5,-0.261710099216532,3,2,3,5,"yes",NA,NA,"."
"f",1,12,5,5,FALSE,6,32,979.266666666667,0.833333333333333,0.583169384536077,5,3,5,4,"no",NA,NA,"2"
"m",1,9,5,4,FALSE,1,25,715.116666666667,5,0.254538727445372,4,3,2,4," ",NA,NA,"."
"m",2,4,5,3,FALSE,NA,21,672.925,4.16666666666667,0.140204906711313,4,2,4,4,"no",NA,NA,"3"
"f",2,7,5,4,FALSE,11,22,1025.65833333333,4.16666666666667,0.984645228058189,4,NA,4,4,"no",NA,NA,"3"
"f",2,7,5,4,FALSE,11,21,898.633333333333,7.5,0.0506853404763851,4,1,4,5,"no",NA,NA,"3"
"f",1,9,5,4,FALSE,6,43,786.4,5,0.457084260219839,3,3,4,4,"yes",NA,NA,"."
"m",1,9,6,6,FALSE,8,19,949.766666666667,3.33333333333333,0.209289649112716,3,2,1,4,"no",NA,NA,"3"
"f",2,7,8,3,TRUE,12,20,708.2,6.66666666666667,0.614055199328273,3,3,5,5,"no",NA,NA,"3"
"m",1,9,2,4,TRUE,8,21,713.75,5,0.035754959682253,4,4,4,5,"no",NA,NA,"3"
"f",2,13,5,5,FALSE,8,43,860.05,0.833333333333333,0.887956523776016,4,2,4,2,"no",NA,NA,"2"
"f",1,4,5,3,FALSE,1,21,772.933333333333,0,0.430204045239118,3,2,3,4,"no",NA,NA,"3"
"f",1,7,5,5,FALSE,10,36,746.266666666667,2.5,0.552347907890725,4,2,4,5,"no",NA,NA,"3"
"f",2,7,5,3,FALSE,13,34,712.141666666667,3.33333333333333,0.503902353913674,4,3,3,4,"no",NA,NA,"3"
"m",2,7,7,5,FALSE,2,37,1287.35833333333,3.33333333333333,0.274021399331476,3,3,5,3,"no",NA,NA,"3"
"f",2,5,5,3,FALSE,10,22,739.775,4.16666666666667,0.775999822472442,3,2,4,5,"no",NA,NA,"3"
"f",2,7,5,5,FALSE,9,26,559.425,5.83333333333333,0.52694551273085,3,3,3,5,"no",NA,NA,"3"
"m",2,9,5,5,FALSE,12,28,775.358333333333,1.66666666666667,0.388400521590541,3,3,3,4,"no",NA,NA,"3"
"f",1,7,5,5,FALSE,11,29,649.116666666667,7.5,0.263989464389682,3,2,4,4,"no",NA,NA,"1"
"f",1,9,5,5,FALSE,2,30,773.85,2.5,0.614822471007455,4,2,1,5,"no",NA,NA,"3"
"f",2,7,5,5,FALSE,5,23,702.25,5.83333333333333,0.475971725205859,3,1,4,5,"no",NA,NA,"3"
"f",1,7,5,3,FALSE,8,21,1118.975,9.16666666666667,0.297163400319856,4,2,4,5,"no",NA,NA,"3"
"m",2,7,5,6,FALSE,8,21,768.858333333333,7.5,0.0944655904706288,3,2,5,5,"no",NA,NA,"1"
"f",1,9,4,NA,TRUE,3,22,1325.89166666667,0.833333333333333,-1.30780223784636,3,2,4,4,"no",NA,NA,"3"
"m",1,7,6,3,TRUE,9,24,883.641666666667,6.66666666666667,0.225417631720511,3,3,3,5,"no",NA,NA,"3"
"f",2,14,2,6,TRUE,2,28,876.116666666667,8.33333333333333,0.601452607896822,5,1,1,3,"no",NA,NA,"2"
"f",2,14,5,5,TRUE,2,33,628.725,5.83333333333333,0.601248649425735,3,3,4,5,"no",NA,NA,"3"
"m",2,7,2,5,TRUE,4,32,930.941666666667,0,-0.28124023436056,4,2,3,5,"no",NA,NA,"3"
"m",2,7,5,1,FALSE,4,21,1164.43333333333,2.5,0.351882709097816,4,2,4,4,"no",NA,NA,"3"
"f",2,12,5,6,TRUE,9,35,1032.5,7.5,1.21804645239657,3,2,3,3,"no",NA,NA,"1"
"f",2,9,5,3,FALSE,4,37,667.241666666667,4.16666666666667,0.22724354019122,3,2,5,5,"no",NA,NA,"3"
"f",1,14,5,5,TRUE,2,31,889.391666666667,1.66666666666667,0.268404448733455,4,1,4,5,"no",NA,NA,"3"
"m",2,7,5,4,TRUE,6,33,789.958333333333,0,0.943543440218093,3,3,4,5,"no",NA,NA,"3"
"f",2,14,5,NA,TRUE,2,31,713.208333333333,0.833333333333333,0.371071827171169,4,2,4,4,"no",NA,NA,"3"
"f",2,5,5,6,FALSE,8,18,654.125,9.16666666666667,0.204738284450347,3,2,5,4,"no",NA,NA,"3"
"f",2,14,5,3,TRUE,2,28,1232.65833333333,5,0.309605992363511,3,1,5,5,"no",NA,NA,"3"
"m",2,7,5,4,FALSE,10,18,691.475,10,0.32383423831596,3,1,4,4,"no",NA,NA,"3"
"m",2,5,5,4,FALSE,11,20,745.75,6.66666666666667,0.369534137867825,4,2,5,5,"no",NA,NA,"3"
"f",2,14,5,3,TRUE,1,28,688.633333333333,7.5,0.732260766617301,4,1,4,4,"no",NA,NA,"1"
"f",2,7,5,3,FALSE,11,25,963.75,0.833333333333333,0.263966827874686,4,2,5,5,"no",NA,NA,"3"
"f",2,7,5,4,FALSE,10,55,969.566666666667,5.83333333333333,0.862597216403424,4,1,3,5,"yes",NA,NA,"."
"m",1,14,6,4,TRUE,2,31,740.533333333333,3.33333333333333,0.324705688103135,3,3,5,5,"no",NA,NA,"3"
"f",2,5,5,3,FALSE,5,18,651.066666666667,6.66666666666667,0.321743658475657,2,2,4,4,"no",NA,NA,"3"
"m",2,12,5,4,FALSE,1,36,970.975,9.16666666666667,0.30436640808581,4,2,3,4,"no",NA,NA,"2"
"m",2,5,5,3,FALSE,2,56,849.6,2.5,0.584392353199644,3,2,2,3,"no",NA,NA,"2"
"f",1,4,3,4,FALSE,2,18,669.7,8.33333333333333,0.670557365593751,2,1,3,5,"no",NA,NA,"3"
"f",1,7,5,4,FALSE,10,41,1110.75,4.16666666666667,0.437252157573787,3,2,5,5,"yes",NA,NA,"."
"m",2,9,8,5,FALSE,2,30,695.408333333333,5.83333333333333,0.227516110716312,3,3,3,3,"no",NA,NA,"3"
"f",1,14,5,4,TRUE,2,27,851.575,6.66666666666667,0.727704314682162,4,2,5,5,"no",NA,NA,"1"
"f",2,6,5,3,FALSE,NA,34,676.791666666667,6.66666666666667,1.03178193642749,4,2,5,5,"no",NA,NA,"3"
"m",2,7,5,5,FALSE,8,33,661.791666666667,2.5,-0.12740761380882,4,2,5,5,"yes",NA,NA,"."
"f",1,5,5,6,FALSE,11,19,627.116666666667,10,0.388998271382242,3,2,5,5,"no",NA,NA,"3"
"f",1,4,5,5,TRUE,13,59,862.616666666667,8.33333333333333,0.359268231982008,2,1,3,5,"yes",NA,NA,"."
"f",2,6,5,NA,FALSE,10,30,736.625,9.16666666666667,0.671141980305101,3,1,3,3,"no",NA,NA,"1"
"f",1,7,6,4,TRUE,9,34,943.908333333333,3.33333333333333,0.361875892042086,4,4,4,4," ",NA,NA,"3"
"m",2,9,5,4,FALSE,10,29,988.625,9.16666666666667,0.897549528856972,4,2,4,4,"no",NA,NA,"3"
"f",1,9,5,5,FALSE,13,47,800.733333333333,4.16666666666667,-0.219273939140342,3,3,4,4,"no",NA,NA,"2"
"f",1,9,3,5,TRUE,9,21,768.091666666667,10,0.484101409246657,4,2,5,5,"no",NA,NA,"3"
"m",2,7,5,3,TRUE,8,20,655.583333333333,3.33333333333333,0.704020783632509,3,3,4,5,"no",NA,NA,"3"
"f",1,13,5,4,FALSE,2,28,767.291666666667,5,0.518691328606729,4,2,4,3,"no",NA,NA,"1"
"f",2,7,8,4,FALSE,8,20,686.658333333333,7.5,0.559691351512563,3,3,5,3," ",NA,NA,"."
"f",1,5,5,1,TRUE,NA,33,1352.1,4.16666666666667,-0.575747546852844,5,1,5,5,"yes",NA,NA,"."
"f",1,9,2,4,TRUE,10,33,800.025,2.5,0.569792938733139,5,5,4,5,"no",NA,NA,"3"
"m",2,7,5,3,FALSE,2,31,785.675,2.5,0.542037244884352,5,1,5,3,"no",NA,NA,"3"
"f",2,5,5,5,TRUE,11,20,1017.4,4.16666666666667,0.881357765377905,4,1,4,4,"no",NA,NA,"2"
"f",2,7,5,3,FALSE,10,21,783.675,3.33333333333333,0.67975726246496,4,2,4,5,"no",NA,NA,"3"
"m",2,5,5,2,FALSE,6,31,647.141666666667,3.33333333333333,0.811694899487573,5,2,3,3,"no",NA,NA,"3"
"m",1,7,5,4,FALSE,11,57,1039.625,3.33333333333333,0.593723759818387,4,2,4,5,"yes",NA,NA,"."
"m",2,8,5,4,FALSE,8,45,820.116666666667,0,1.0701823039193,4,3,3,4,"yes",NA,NA,"."
"m",1,4,6,6,FALSE,NA,38,770.133333333333,3.33333333333333,0.232435045177313,3,2,5,5,"yes",NA,NA,"."
"m",1,9,5,5,FALSE,4,28,1123.86666666667,8.33333333333333,0.693137498803785,4,2,4,2,"no",NA,NA,"2"
"f",1,7,4,3,TRUE,8,37,793.166666666667,5.83333333333333,0.177918195619421,3,3,4,5,"yes",NA,NA,"."
"m",2,9,5,5,FALSE,2,37,646.7,2.5,0.403317774117669,4,2,4,3,"no",NA,NA,"3"
"m",1,6,3,5,TRUE,8,37,1118.56666666667,0,0.0166381275802185,4,3,5,4,"no",NA,NA,"1"
"m",1,12,5,3,FALSE,10,42,673.875,9.16666666666667,0.498958419139612,5,2,2,1,"no",NA,NA,"2"
"f",1,7,6,3,FALSE,2,36,915.925,5.83333333333333,0.378675245302597,5,1,3,4,"yes",NA,NA,"."
"f",1,5,5,NA,TRUE,10,34,930.966666666667,1.66666666666667,-0.287912588731666,3,3,3,5,"yes",NA,NA,"3"
"m",2,7,5,3,FALSE,2,39,835.391666666667,1.66666666666667,0.881706773084082,4,3,3,5,"yes",NA,NA,"."
"m",1,7,3,4,FALSE,5,52,799.491666666667,5,0.809887041868562,4,1,5,4,"no",NA,NA,"1"
"f",2,5,5,3,FALSE,2,40,602.45,6.66666666666667,-0.00536985943731839,3,2,2,5,"yes",NA,NA,"."
"f",2,3,5,5,FALSE,NA,37,988.675,4.16666666666667,0.143034773366164,3,1,3,5,"no",NA,NA,"2"
"m",1,6,5,3,FALSE,NA,50,917.041666666667,1.66666666666667,-0.224320602544028,4,2,4,5,"yes",NA,NA,"."
"f",2,5,5,3,FALSE,7,31,702.858333333333,8.33333333333333,0.91265839698527,3,2,2,5,"yes",NA,NA,"."
"f",2,7,5,5,FALSE,8,26,762.608333333333,0.833333333333333,0.0322658520340513,4,2,4,4,"no",NA,NA,"3"
"f",1,7,5,3,FALSE,10,37,1040.18333333333,8.33333333333333,0.36617420550524,4,3,3,3,"no",NA,NA,"1"
"m",2,7,5,5,FALSE,11,51,1343.35,5,0.589148782007101,4,2,4,3,"no",NA,NA,"2"
"f",2,12,5,5,FALSE,1,33,807.983333333333,1.66666666666667,0.572340157540119,3,2,5,3,"no",NA,NA,"1"
"m",2,7,5,2,FALSE,4,34,661.5,5,0.719179502104664,5,1,4,4,"no",NA,NA,"3"
"f",1,5,3,1,FALSE,9,18,717.983333333333,3.33333333333333,0.540736702577011,3,2,3,5,"no",NA,NA,"3"
"f",2,7,5,3,FALSE,6,32,993.3,6.66666666666667,0.149686031570215,3,2,4,4,"no",NA,NA,"2"
"f",2,7,5,2,FALSE,1,39,1152.33333333333,0.833333333333333,0.496484316267015,3,3,4,5,"no",NA,NA,"1"
"f",2,7,5,3,FALSE,11,20,895.775,0,0.319090539827868,3,3,3,4,"no",NA,NA,"3"
"f",2,7,5,4,FALSE,10,20,576.008333333333,2.5,0.699212289188932,3,2,4,5,"no",NA,NA,"3"
"f",2,7,5,5,FALSE,10,20,1140.46666666667,3.33333333333333,0.52544321453478,3,2,4,4,"no",NA,NA,"3"
"f",1,3,5,3,TRUE,NA,18,808.3,6.66666666666667,0.689575275012878,3,2,4,5,"no",NA,NA,"3"
"f",2,NA,5,NA,FALSE,NA,19,867.075,4.16666666666667,0.390280933904342,3,2,4,4,"no",NA,NA,"2"
"f",1,5,5,2,FALSE,10,18,828.45,6.66666666666667,0.269665114943436,3,2,4,5,"no",NA,NA,"3"
"f",2,5,5,3,FALSE,10,18,700.991666666667,5.83333333333333,0.166595341504703,3,2,3,2,"no",NA,NA,"2"
"f",1,5,5,5,FALSE,10,23,952.333333333333,5.83333333333333,0.735385733566192,3,2,4,3,"yes",NA,NA,"."
"f",1,4,5,3,FALSE,NA,18,797.383333333333,5.83333333333333,0.00384803334857033,4,2,4,5,"no",NA,NA,"3"
"f",1,5,5,4,FALSE,10,18,840.525,6.66666666666667,0.15822072338282,4,2,3,5,"no",NA,NA,"3"
"m",2,7,5,4,FALSE,10,18,1050.54166666667,6.66666666666667,0.652754067259444,3,2,4,4,"no",NA,NA,"3"
"f",2,4,5,3,FALSE,11,20,574.283333333333,5.83333333333333,0.895889350364055,4,2,3,5,"no",NA,NA,"3"
"f",2,5,5,NA,FALSE,NA,18,1286.25833333333,9.16666666666667,-0.00827901710979517,3,2,3,5,"no",NA,NA,"3"
"m",1,4,5,4,TRUE,10,19,1156.81666666667,5.83333333333333,0.256493804368679,3,3,3,5,"no",NA,NA,"3"
"f",1,8,5,3,FALSE,10,18,662.041666666667,10,0.783490248174245,3,2,4,5,"no",NA,NA,"3"
"f",1,5,5,5,FALSE,NA,29,805.425,5,1.01201614110521,3,2,4,5,"yes",NA,NA,"."
"m",2,5,5,NA,FALSE,10,20,654.533333333333,4.16666666666667,-0.19413717193091,2,2,3,4,"no",NA,NA,"3"
"f",1,8,5,4,FALSE,10,19,656.241666666667,4.16666666666667,0.689645189802043,4,1,4,5,"no",NA,NA,"3"
"f",1,7,4,5,FALSE,10,19,690.441666666667,7.5,0.484098795901281,4,2,4,4,"no",NA,NA,"3"
"f",2,5,5,3,FALSE,1,40,893.7,6.66666666666667,1.02535863020007,3,3,5,5,"yes",NA,NA,"."
"f",1,4,5,3,FALSE,10,18,755.5,5,0.493553990367476,4,2,3,4,"no",NA,NA,"3"
"f",1,5,5,5,TRUE,10,19,738.208333333333,7.5,0.749030097734546,3,1,3,5,"no",NA,NA,"3"
"f",1,5,5,4,FALSE,10,19,1229.55,1.66666666666667,-0.145176824198703,3,3,4,4,"no",NA,NA,"3"
"f",1,4,5,4,FALSE,11,18,860.116666666667,1.66666666666667,0.84535874528081,4,2,5,5,"no",NA,NA,"3"
"f",2,4,5,5,FALSE,NA,19,700.858333333333,4.16666666666667,0.835045411042774,4,2,4,4,"no",NA,NA,"3"
"f",1,5,5,4,FALSE,10,18,684.116666666667,2.5,0.708418909259572,3,2,4,4,"no",NA,NA,"3"
"f",2,5,5,3,FALSE,7,19,1093.3,1.66666666666667,-0.431498857706897,4,2,4,5,"no",NA,NA,"3"
"m",1,5,5,4,FALSE,12,23,904.825,3.33333333333333,0.0198213579347618,4,2,3,5,"no",NA,NA,"3"
"f",1,7,5,3,FALSE,10,20,630.35,8.33333333333333,0.458470665939436,4,2,2,4,"no",NA,NA,"3"
"f",1,5,5,3,FALSE,2,18,623.95,1.66666666666667,0.339877368938028,3,3,3,5,"no",NA,NA,"1"
"f",1,4,5,NA,FALSE,NA,19,811.316666666667,4.16666666666667,0.63600865047914,2,3,4,4,"no",NA,NA,"3"
"f",1,5,5,4,FALSE,10,27,699.591666666667,7.5,1.4026017740135,3,3,4,4,"no",NA,NA,"1"
"f",1,5,NA,4,FALSE,10,39,1061.875,3.33333333333333,0.38395989558773,4,2,3,4,"yes",NA,NA,"."
"f",2,5,5,4,FALSE,10,19,833.1,7.5,0.439129752359149,3,3,5,3,"no",NA,NA,"3"
"f",1,7,8,4,FALSE,10,21,884.575,3.33333333333333,-0.269205157753183,3,1,5,3,"no",NA,NA,"3"
"f",2,7,8,3,FALSE,11,18,1005.88333333333,9.16666666666667,0.010950929068372,4,2,4,4,"no",NA,NA,"3"
"f",2,6,5,5,FALSE,10,18,586.633333333333,5,0.965407656264407,3,3,4,3,"no",NA,NA,"1"
"f",2,7,5,4,FALSE,8,26,1075.63333333333,3.33333333333333,0.672925720145033,3,3,3,5,"no",NA,NA,"1"
"f",2,7,5,3,FALSE,10,19,982.225,9.16666666666667,0.481730825757306,4,2,3,5,"no",NA,NA,"3"
"f",2,5,5,NA,FALSE,10,19,736.091666666667,7.5,0.569854004899632,3,3,3,5,"no",NA,NA,"3"
"f",2,5,5,4,FALSE,10,18,667.666666666667,5.83333333333333,0.847811353321582,4,3,4,5,"no",NA,NA,"3"
"f",1,5,5,3,FALSE,10,23,974.55,4.16666666666667,0.43229478101782,3,2,4,4,"yes",NA,NA,"."
"f",1,4,5,5,FALSE,10,19,985.7,6.66666666666667,0.97026576696264,4,2,4,5,"no",NA,NA,"3"
"f",2,5,5,3,FALSE,13,21,821.508333333333,7.5,0.387134715596306,3,2,4,4,"no",NA,NA,"1"
"f",2,7,5,4,FALSE,10,46,957.066666666667,1.66666666666667,0.715103297834568,4,4,4,5,"yes",NA,NA,"."
"f",2,7,5,3,FALSE,13,18,857.916666666667,3.33333333333333,0.90028673866666,3,3,3,3,"no",NA,NA,"1"
"f",2,5,6,1,FALSE,1,48,1142.4,4.16666666666667,0.73383791007802,4,2,4,5,"yes",NA,NA,"."
"f",1,5,5,3,FALSE,10,19,739.833333333333,5.83333333333333,0.548924507612181,3,2,4,5,"no",NA,NA,"3"
"f",1,6,5,2,FALSE,10,18,717.958333333333,2.5,0.913116040570912,5,2,4,5,"no",NA,NA,"3"
"f",1,5,5,3,FALSE,NA,20,721.933333333333,5.83333333333333,0.29971736102463,4,2,2,4,"no",NA,NA,"3"
"m",2,7,5,4,FALSE,11,21,793.058333333333,0,0.507243208073512,3,3,4,5,"no",NA,NA,"3"
"f",1,5,5,3,FALSE,10,18,799.85,8.33333333333333,0.857162638699458,4,2,4,4,"no",NA,NA,"3"
"f",1,6,5,3,FALSE,10,19,672.616666666667,2.5,0.667209073775931,3,2,4,5,"no",NA,NA,"3"
"f",2,6,5,3,FALSE,10,18,745.066666666667,4.16666666666667,0.0508132404375835,3,2,4,4,"no",NA,NA,"3"
"f",2,5,5,4,FALSE,10,20,829.183333333333,5,0.406913277426799,3,3,3,4,"no",NA,NA,"3"
"f",1,5,NA,4,FALSE,10,19,1031.50833333333,0.833333333333333,1.13070009649853,4,4,4,4,"no",NA,NA,"3"
"m",2,5,5,3,FALSE,10,47,764.325,4.16666666666667,0.0223246721878328,4,4,2,2,"yes",NA,NA,"."
"f",1,4,5,4,FALSE,10,26,671.591666666667,5.83333333333333,0.375713084580565,4,2,5,5,"no",NA,NA,"3"
"f",1,NA,5,NA,FALSE,NA,19,746.758333333333,8.33333333333333,0.268344656119522,5,1,4,4,"no",NA,NA,"3"
"m",1,7,5,3,FALSE,2,21,1155.81666666667,5,-0.323611894278297,4,3,2,5,"no",NA,NA,"3"
"f",2,8,5,NA,FALSE,10,25,1220.275,5.83333333333333,0.936442726812186,4,2,4,4,"yes",NA,NA,"."
"f",2,NA,5,4,FALSE,NA,18,687.808333333333,1.66666666666667,0.333546073925302,3,2,4,5,"no",NA,NA,"3"
"m",2,3,NA,1,FALSE,NA,18,700.791666666667,5,0.606925139539665,5,4,4,4,"no",NA,NA,"3"
"f",1,7,5,5,TRUE,11,33,728.875,7.5,0.168487902308473,3,2,4,4,"no",NA,NA,"3"
"m",2,5,5,2,FALSE,4,20,899.225,4.16666666666667,0.204963867068991,4,3,3,4,"no",NA,1,"3"
"f",1,9,2,6,TRUE,10,24,957.541666666667,10,0.154151130349696,3,3,4,4,"no",NA,NA,"."
"f",1,5,5,4,TRUE,10,23,671.825,6.66666666666667,0.784694024620899,4,2,5,4,"no",NA,NA,"3"
"m",2,12,5,4,TRUE,10,58,847.158333333333,6.66666666666667,0.123050268690252,3,2,4,3,"yes",1,1,"."
"f",2,12,5,3,TRUE,11,25,773.191666666667,4.16666666666667,0.201428550515407,4,2,5,4,"no",1,1,"3"
"f",2,9,5,5,FALSE,8,32,785.333333333333,9.16666666666667,0.787043273209672,3,2,3,3,"no",NA,NA,"1"
"f",1,8,5,5,FALSE,6,18,642.441666666667,9.16666666666667,-0.119627685122795,3,3,4,1,"no",NA,NA,"2"
"f",1,9,6,3,TRUE,10,28,656.8,5,0.467247209029953,5,1,4,5,"yes",NA,1,"."
"f",1,7,5,6,FALSE,1,51,1014.71666666667,5.83333333333333,0.0916808376593088,3,2,5,3,"no",NA,NA,"2"
"m",2,NA,5,4,FALSE,8,48,657.3,3.33333333333333,0.47727868292822,4,3,4,5,"yes",2,1,"."
"f",1,5,5,6,FALSE,12,21,1090.425,5,0.726115146972778,3,3,5,5,"no",NA,NA,"2"
"f",1,8,NA,NA,TRUE,13,31,902.883333333333,1.66666666666667,0.236212384378322,3,3,4,3,"no",NA,NA,"2"
"f",2,7,4,2,FALSE,NA,20,665.866666666667,6.66666666666667,0.503127102128921,4,2,3,5,"no",1,1,"3"
"f",1,7,5,6,FALSE,4,43,770.408333333333,5,0.50356768748395,3,3,3,3,"no",NA,NA,"2"
"f",1,12,5,5,TRUE,8,33,937.45,8.33333333333333,0.943900266345514,4,2,4,3,"no",1,1,"3"
"f",2,5,7,4,FALSE,13,35,1161.125,6.66666666666667,0.508323355119173,3,1,2,3,"no",NA,NA,"1"
"m",2,5,5,3,FALSE,10,37,1063.04166666667,5.83333333333333,0.584320101675723,5,1,4,5,"yes",1,NA,"."
"m",1,12,5,4,FALSE,2,36,951.758333333333,4.16666666666667,0.545519749121823,4,3,3,4,"yes",1,NA,"."
"m",2,7,5,2,FALSE,2,32,832.141666666667,5,0.114066044650589,3,3,4,5,"yes",NA,1,"."
"f",2,9,5,6,FALSE,8,50,926.316666666667,0,0.712043620477815,3,2,4,4,"yes",1,1,"."
"f",1,13,5,3,FALSE,1,40,801.141666666667,2.5,0.844605718722305,4,2,3,4,"yes",NA,1,"."
"f",2,2,7,3,FALSE,NA,47,1084.225,1.66666666666667,0.520921284130354,4,2,4,5,"yes",2,NA,"."
"f",2,5,5,4,FALSE,2,30,681.416666666667,3.33333333333333,1.15361061350202,5,1,5,5,"no",NA,NA,"3"
"f",1,7,5,3,FALSE,10,41,667.966666666667,2.5,-0.184497575014457,3,2,3,5,"yes",NA,2,"."
"m",2,5,5,4,FALSE,6,19,833.95,1.66666666666667,0.760854849514181,4,2,5,3,"no",2,1,"3"
"f",1,9,5,NA,FALSE,10,30,879.266666666667,3.33333333333333,-0.21445069399652,3,3,1,1,"no",2,2,"3"
"f",1,5,5,NA,FALSE,2,43,694.233333333333,2.5,0.747140222945456,3,2,2,4,"yes",1,NA,"."
"f",2,5,6,NA,TRUE,8,22,756,6.66666666666667,0.75980315759774,1,2,3,5,"no",1,1,"3"
"f",1,9,6,4,FALSE,6,27,679.616666666667,1.66666666666667,0.818581866258001,4,2,3,5,"no",2,2,"3"
"m",1,11,5,2,TRUE,7,46,804.208333333333,8.33333333333333,0.951332398316385,4,2,4,4,"no",NA,NA,"2"
"m",2,8,5,4,TRUE,2,38,652.233333333333,6.66666666666667,0.328955388906613,4,1,4,4,"yes",1,3,"."
"m",1,9,2,1,FALSE,2,21,1095.79166666667,3.33333333333333,0.323739760053824,5,4,4,4,"no",1,1,"3"
"f",1,5,5,4,TRUE,10,45,1105.95,2.5,0.771150633648565,3,NA,3,NA,"yes",NA,1,"."
"m",2,14,8,4,FALSE,2,46,779.716666666667,5,0.615528145862751,4,2,5,4,"yes",NA,1,"."
"m",2,12,5,6,TRUE,1,46,1003.65833333333,2.5,0.623480077326724,4,1,3,5,"yes",2,3,"."
"f",2,7,5,4,FALSE,7,36,951.033333333333,1.66666666666667,0.701601342767234,4,1,4,3,"no",NA,NA,"1"
"f",1,5,5,6,FALSE,6,18,738.25,5,0.347613213230723,4,2,5,1,"no",NA,NA,"2"
"f",1,5,NA,2,FALSE,6,54,1007.39166666667,7.5,0.812653453441447,3,2,5,2,"no",NA,NA,"2"
"m",2,8,5,5,FALSE,8,41,902.108333333333,7.5,0.595095339919567,4,2,4,3,"no",1,1,"3"
"f",2,7,5,5,FALSE,11,30,1001.88333333333,0.833333333333333,0.0178810682631584,4,2,4,2,"no",NA,NA,"1"
"f",1,13,5,6,FALSE,5,27,741.733333333333,5.83333333333333,0.705314071770357,3,1,5,5,"no",1,1,"3"
"f",2,7,5,5,TRUE,6,64,911.275,6.66666666666667,0.855067547931153,3,3,3,5,"yes",NA,3,"."
"f",1,13,5,5,TRUE,10,36,681.516666666667,5,0.275417221547659,3,2,4,4,"no",NA,NA,"2"
"f",1,9,5,4,NA,11,49,743.666666666667,7.5,0.450001060689124,1,2,5,4,"yes",2,NA,"."
"m",1,6,5,4,FALSE,12,26,1013.65833333333,0.833333333333333,-1.13105715010893,3,3,3,4,"no",NA,NA,"3"
"m",2,9,5,6,FALSE,8,30,975.158333333333,7.5,0.741977861895375,3,3,4,5,"no",1,1,"3"
"f",2,4,5,3,FALSE,NA,32,635.95,3.33333333333333,0.380195741045881,3,3,4,4,"no",NA,NA,"1"
"f",1,9,7,6,FALSE,10,36,635.816666666667,3.33333333333333,0.132101783953607,3,3,4,5,"no",NA,NA,"3"
"f",1,9,5,6,FALSE,NA,49,783.733333333333,1.66666666666667,0.472686800993346,4,2,3,4,"yes",2,NA,"."
"m",1,9,5,6,FALSE,11,62,899.508333333333,7.5,0.305185169782219,3,2,4,5,"yes",1,1,"."
